date,infra_index_usd
10/20/06,100.00
10/23/06,99.94
10/24/06,99.80
10/25/06,100.32
10/26/06,100.50
10/27/06,100.55
10/30/06,100.61
10/31/06,100.79
11/01/06,101.12
11/02/06,100.81
11/03/06,100.37
11/06/06,100.70
11/07/06,101.33
11/08/06,101.93
11/09/06,102.09
11/10/06,102.86
11/13/06,102.83
11/14/06,102.89
11/15/06,102.92
11/16/06,103.37
11/17/06,103.44
11/20/06,103.53
11/21/06,103.75
11/22/06,104.13
11/23/06,104.17
11/24/06,104.88
11/27/06,104.30
11/28/06,104.28
11/29/06,105.80
11/30/06,106.03
12/01/06,106.29
12/04/06,107.20
12/05/06,107.99
12/06/06,108.26
12/07/06,108.10
12/08/06,108.31
12/11/06,108.24
12/12/06,108.43
12/13/06,108.90
12/14/06,109.14
12/15/06,108.93
12/18/06,108.57
12/19/06,108.97
12/20/06,108.74
12/21/06,108.57
12/22/06,108.14
12/25/06,108.05
12/26/06,108.15
12/27/06,108.84
12/28/06,108.86
12/29/06,109.14
01/02/07,110.06
01/03/07,109.55
01/04/07,108.88
01/05/07,106.42
01/08/07,106.58
01/09/07,106.53
01/10/07,105.99
01/11/07,106.65
01/12/07,107.09
01/15/07,107.28
01/16/07,107.17
01/17/07,107.02
01/18/07,106.80
01/19/07,107.12
01/22/07,107.34
01/23/07,107.59
01/24/07,108.57
01/25/07,108.04
01/26/07,107.94
01/29/07,108.46
01/30/07,109.08
01/31/07,109.00
02/01/07,110.26
02/02/07,111.09
02/05/07,111.12
02/06/07,112.37
02/07/07,113.19
02/08/07,112.74
02/09/07,112.83
02/12/07,112.35
02/13/07,112.83
02/14/07,113.58
02/15/07,113.35
02/16/07,113.13
02/19/07,113.08
02/20/07,113.26
02/21/07,112.28
02/22/07,112.15
02/23/07,113.05
02/26/07,114.67
02/27/07,112.49
02/28/07,110.99
03/01/07,110.51
03/02/07,109.71
03/05/07,108.11
03/06/07,109.22
03/07/07,110.00
03/08/07,111.08
03/09/07,111.03
03/12/07,111.65
03/13/07,110.74
03/14/07,109.80
03/15/07,111.31
03/16/07,111.41
03/19/07,112.49
03/20/07,113.69
03/21/07,114.35
03/22/07,115.39
03/23/07,115.73
03/26/07,115.61
03/27/07,115.51
03/28/07,115.44
03/29/07,115.92
03/30/07,115.45
04/02/07,116.56
04/03/07,117.80
04/04/07,117.91
04/05/07,118.17
04/10/07,118.90
04/11/07,118.68
04/12/07,118.47
04/13/07,118.50
04/16/07,119.45
04/17/07,119.77
04/18/07,119.84
04/19/07,119.32
04/20/07,120.09
04/23/07,120.08
04/24/07,120.37
04/25/07,121.24
04/26/07,120.49
04/27/07,120.00
04/30/07,120.08
05/01/07,120.07
05/02/07,120.84
05/03/07,120.94
05/04/07,121.32
05/07/07,122.25
05/08/07,121.11
05/09/07,121.33
05/10/07,120.16
05/11/07,121.04
05/14/07,121.64
05/15/07,121.95
05/16/07,122.46
05/17/07,122.08
05/18/07,122.66
05/21/07,122.76
05/22/07,122.50
05/23/07,122.86
05/24/07,120.97
05/25/07,120.81
05/28/07,120.77
05/29/07,121.25
05/30/07,121.94
05/31/07,123.16
06/01/07,123.63
06/04/07,123.38
06/05/07,122.40
06/06/07,120.39
06/07/07,117.71
06/08/07,117.50
06/11/07,118.35
06/12/07,117.21
06/13/07,117.93
06/14/07,119.04
06/15/07,120.60
06/18/07,120.22
06/19/07,120.00
06/20/07,118.91
06/21/07,118.80
06/22/07,117.91
06/25/07,118.19
06/26/07,117.77
06/27/07,118.19
06/28/07,118.89
06/29/07,119.80
07/02/07,121.03
07/03/07,121.44
07/04/07,121.50
07/05/07,120.69
07/06/07,120.77
07/09/07,120.75
07/10/07,119.88
07/11/07,120.10
07/12/07,121.57
07/13/07,122.59
07/16/07,122.05
07/17/07,121.90
07/18/07,121.79
07/19/07,123.07
07/20/07,122.20
07/23/07,122.52
07/24/07,120.16
07/25/07,119.13
07/26/07,116.77
07/27/07,114.98
07/30/07,115.06
07/31/07,115.82
08/01/07,116.15
08/02/07,117.27
08/03/07,115.18
08/06/07,116.55
08/07/07,117.54
08/08/07,119.11
08/09/07,117.32
08/10/07,116.02
08/13/07,116.67
08/14/07,114.89
08/15/07,113.53
08/16/07,111.79
08/17/07,113.96
08/20/07,114.34
08/21/07,114.45
08/22/07,115.81
08/23/07,116.39
08/24/07,117.26
08/27/07,115.94
08/28/07,115.03
08/29/07,116.22
08/30/07,116.79
08/31/07,117.86
09/03/07,117.41
09/04/07,118.01
09/05/07,116.60
09/06/07,117.40
09/07/07,116.26
09/10/07,116.42
09/11/07,117.71
09/12/07,118.43
09/13/07,118.96
09/14/07,119.07
09/17/07,118.64
09/18/07,120.08
09/19/07,122.14
09/20/07,122.11
09/21/07,122.34
09/24/07,122.55
09/25/07,122.76
09/26/07,123.80
09/27/07,124.08
09/28/07,123.85
10/01/07,124.99
10/02/07,124.17
10/03/07,124.00
10/04/07,124.57
10/05/07,125.53
10/08/07,124.70
10/09/07,126.11
10/10/07,125.93
10/11/07,126.57
10/12/07,126.62
10/15/07,126.02
10/16/07,125.74
10/17/07,126.31
10/18/07,126.88
10/19/07,125.29
10/22/07,124.59
10/23/07,125.77
10/24/07,125.92
10/25/07,128.04
10/26/07,129.21
10/29/07,130.21
10/30/07,130.38
10/31/07,131.47
11/01/07,130.09
11/02/07,130.94
11/05/07,131.70
11/06/07,132.58
11/07/07,131.92
11/08/07,132.13
11/09/07,131.62
11/12/07,129.46
11/13/07,129.38
11/14/07,130.01
11/15/07,129.89
11/16/07,130.65
11/19/07,130.22
11/20/07,131.55
11/21/07,130.29
11/22/07,131.43
11/23/07,131.37
11/26/07,131.44
11/27/07,131.24
11/28/07,132.32
11/29/07,132.99
11/30/07,133.18
12/03/07,133.65
12/04/07,134.40
12/05/07,135.66
12/06/07,135.74
12/07/07,136.13
12/10/07,135.90
12/11/07,134.72
12/12/07,134.69
12/13/07,133.45
12/14/07,132.57
12/17/07,131.08
12/18/07,131.62
12/19/07,131.13
12/20/07,130.86
12/21/07,132.05
12/24/07,132.14
12/27/07,132.53
12/28/07,133.41
12/31/07,132.68
01/02/08,131.94
01/03/08,132.99
01/04/08,132.51
01/07/08,134.09
01/08/08,133.64
01/09/08,134.54
01/10/08,134.54
01/11/08,132.54
01/14/08,132.63
01/15/08,131.23
01/16/08,129.33
01/17/08,127.99
01/18/08,126.84
01/21/08,121.51
01/22/08,118.75
01/23/08,117.20
01/24/08,120.16
01/25/08,120.72
01/28/08,121.10
01/29/08,122.26
01/30/08,121.63
01/31/08,123.08
02/01/08,124.65
02/04/08,125.84
02/05/08,122.35
02/06/08,122.86
02/07/08,121.29
02/08/08,121.33
02/11/08,121.85
02/12/08,124.60
02/13/08,124.73
02/14/08,125.16
02/15/08,124.26
02/18/08,124.91
02/19/08,125.47
02/20/08,123.73
02/21/08,123.19
02/22/08,122.99
02/25/08,123.63
02/26/08,124.15
02/27/08,124.87
02/28/08,124.28
02/29/08,122.58
03/03/08,121.46
03/04/08,121.60
03/05/08,122.24
03/06/08,122.29
03/07/08,120.87
03/10/08,120.96
03/11/08,123.13
03/12/08,123.16
03/13/08,123.33
03/14/08,122.43
03/17/08,121.18
03/18/08,123.27
03/19/08,120.54
03/20/08,119.03
03/25/08,120.99
03/26/08,121.48
03/27/08,122.77
03/28/08,121.68
03/31/08,121.85
04/01/08,123.20
04/02/08,123.87
04/03/08,124.50
04/04/08,125.78
04/07/08,125.24
04/08/08,125.16
04/09/08,124.74
04/10/08,124.92
04/11/08,124.51
04/14/08,124.13
04/15/08,124.62
04/16/08,126.75
04/17/08,126.70
04/18/08,127.12
04/21/08,126.94
04/22/08,126.86
04/23/08,127.42
04/24/08,126.82
04/25/08,127.29
04/28/08,127.27
04/29/08,126.30
04/30/08,126.40
05/01/08,126.35
05/02/08,126.92
05/05/08,126.54
05/06/08,126.96
05/07/08,126.18
05/08/08,126.17
05/09/08,125.87
05/12/08,127.00
05/13/08,127.00
05/14/08,127.54
05/15/08,127.62
05/16/08,128.22
05/19/08,130.03
05/20/08,130.09
05/21/08,130.50
05/22/08,130.99
05/23/08,128.87
05/26/08,129.17
05/27/08,129.30
05/28/08,129.42
05/29/08,130.17
05/30/08,130.90
06/02/08,129.54
06/03/08,129.92
06/04/08,129.73
06/05/08,130.55
06/06/08,129.35
06/09/08,130.69
06/10/08,128.68
06/11/08,127.37
06/12/08,126.04
06/13/08,126.38
06/16/08,126.41
06/17/08,126.98
06/18/08,126.77
06/19/08,126.93
06/20/08,125.13
06/23/08,125.45
06/24/08,124.39
06/25/08,125.19
06/26/08,123.91
06/27/08,123.93
06/30/08,125.83
07/01/08,125.25
07/02/08,125.21
07/03/08,124.08
07/04/08,123.23
07/07/08,124.42
07/08/08,123.59
07/09/08,124.16
07/10/08,123.50
07/11/08,122.26
07/14/08,121.86
07/15/08,120.76
07/16/08,120.17
07/17/08,120.00
07/18/08,120.26
07/21/08,121.44
07/22/08,121.97
07/23/08,120.68
07/24/08,119.60
07/25/08,119.56
07/28/08,119.09
07/29/08,118.92
07/30/08,120.40
07/31/08,121.05
08/01/08,118.70
08/04/08,118.10
08/05/08,118.34
08/06/08,117.65
08/07/08,117.78
08/08/08,116.66
08/11/08,117.01
08/12/08,115.51
08/13/08,115.54
08/14/08,115.42
08/15/08,114.64
08/18/08,114.77
08/19/08,114.39
08/20/08,115.15
08/21/08,116.06
08/22/08,116.30
08/25/08,115.57
08/26/08,115.93
08/27/08,116.85
08/28/08,117.51
08/29/08,116.92
09/01/08,116.23
09/02/08,115.00
09/03/08,113.48
09/04/08,111.23
09/05/08,108.79
09/08/08,110.24
09/09/08,107.07
09/10/08,106.25
09/11/08,106.08
09/12/08,108.74
09/15/08,106.29
09/16/08,104.85
09/17/08,102.24
09/18/08,102.86
09/19/08,107.27
09/22/08,106.16
09/23/08,106.07
09/24/08,105.83
09/25/08,108.13
09/26/08,107.43
09/29/08,103.01
09/30/08,102.79
10/01/08,103.34
10/02/08,100.79
10/03/08,100.51
10/06/08,94.04
10/07/08,92.91
10/08/08,89.45
10/09/08,83.84
10/10/08,77.48
10/13/08,87.66
10/14/08,89.45
10/15/08,83.73
10/16/08,82.58
10/17/08,86.10
10/20/08,91.19
10/21/08,88.56
10/22/08,83.32
10/23/08,85.10
10/24/08,82.40
10/27/08,78.05
10/28/08,82.62
10/29/08,86.35
10/30/08,88.64
10/31/08,88.19
11/03/08,89.49
11/04/08,92.75
11/05/08,91.70
11/06/08,86.92
11/07/08,89.36
11/10/08,88.67
11/11/08,86.37
11/12/08,83.91
11/13/08,86.31
11/14/08,86.32
11/17/08,85.32
11/18/08,85.96
11/19/08,84.08
11/20/08,80.10
11/21/08,81.39
11/24/08,85.83
11/25/08,86.95
11/26/08,86.32
11/27/08,86.32
11/28/08,86.53
12/01/08,81.47
12/02/08,83.24
12/03/08,84.34
12/04/08,82.04
12/05/08,81.23
12/08/08,84.55
12/09/08,83.69
12/10/08,85.22
12/11/08,86.01
12/12/08,85.57
12/15/08,86.15
12/16/08,87.66
12/17/08,89.13
12/18/08,90.10
12/19/08,88.41
12/22/08,87.58
12/23/08,87.35
12/24/08,87.58
12/29/08,89.00
12/30/08,90.50
12/31/08,90.67
01/02/09,92.45
01/05/09,92.71
01/06/09,90.99
01/07/09,89.89
01/08/09,90.56
01/09/09,88.94
01/12/09,87.93
01/13/09,86.39
01/14/09,84.62
01/15/09,84.27
01/16/09,85.69
01/19/09,85.63
01/20/09,83.79
01/21/09,83.88
01/22/09,83.70
01/23/09,83.69
01/26/09,86.18
01/27/09,86.88
01/28/09,87.47
01/29/09,86.26
01/30/09,84.95
02/02/09,84.11
02/03/09,85.60
02/04/09,86.21
02/05/09,86.18
02/06/09,86.39
02/09/09,86.09
02/10/09,84.41
02/11/09,83.62
02/12/09,82.18
02/13/09,82.16
02/16/09,81.74
02/17/09,79.23
02/18/09,78.09
02/19/09,78.93
02/20/09,76.99
02/23/09,76.25
02/24/09,76.82
02/25/09,75.72
02/26/09,75.65
02/27/09,75.05
03/02/09,71.39
03/03/09,69.52
03/04/09,70.71
03/05/09,69.56
03/06/09,69.84
03/09/09,68.43
03/10/09,69.73
03/11/09,69.06
03/12/09,69.22
03/13/09,70.00
03/16/09,72.20
03/17/09,72.76
03/18/09,73.96
03/19/09,75.93
03/20/09,75.97
03/23/09,78.28
03/24/09,77.51
03/25/09,78.44
03/26/09,78.33
03/27/09,76.48
03/30/09,74.43
03/31/09,75.44
04/01/09,75.42
04/02/09,77.30
04/03/09,76.63
04/06/09,76.46
04/07/09,76.46
04/08/09,77.02
04/09/09,77.13
04/14/09,76.52
04/15/09,76.92
04/16/09,77.39
04/17/09,77.44
04/20/09,75.50
04/21/09,76.24
04/22/09,76.12
04/23/09,76.21
04/24/09,77.49
04/27/09,77.80
04/28/09,77.38
04/29/09,79.16
04/30/09,79.59
05/01/09,80.16
05/04/09,81.92
05/05/09,81.55
05/06/09,81.49
05/07/09,81.66
05/08/09,83.30
05/11/09,83.17
05/12/09,83.64
05/13/09,82.36
05/14/09,82.19
05/15/09,81.59
05/18/09,81.73
05/19/09,83.38
05/20/09,84.14
05/21/09,82.89
05/22/09,83.79
05/25/09,83.82
05/26/09,85.22
05/27/09,84.86
05/28/09,85.20
05/29/09,85.91
06/01/09,87.88
06/02/09,87.91
06/03/09,86.03
06/04/09,85.97
06/05/09,85.34
06/08/09,84.15
06/09/09,85.01
06/10/09,85.57
06/11/09,86.76
06/12/09,86.94
06/15/09,84.93
06/16/09,84.96
06/17/09,83.99
06/18/09,85.33
06/19/09,85.88
06/22/09,84.72
06/23/09,84.78
06/24/09,85.81
06/25/09,86.02
06/26/09,86.38
06/29/09,87.15
06/30/09,86.48
07/01/09,87.62
07/02/09,85.25
07/03/09,84.99
07/06/09,84.76
07/07/09,83.54
07/08/09,83.04
07/09/09,83.69
07/10/09,83.22
07/13/09,84.26
07/14/09,84.72
07/15/09,86.70
07/16/09,86.80
07/17/09,86.72
07/20/09,87.82
07/21/09,88.51
07/22/09,88.55
07/23/09,89.96
07/24/09,90.01
07/27/09,90.28
07/28/09,89.67
07/29/09,89.39
07/30/09,90.60
07/31/09,90.30
08/03/09,91.65
08/04/09,91.48
08/05/09,90.58
08/06/09,90.22
08/07/09,90.44
08/10/09,90.28
08/11/09,89.80
08/12/09,91.06
08/13/09,91.48
08/14/09,91.05
08/17/09,89.03
08/18/09,89.83
08/19/09,90.82
08/20/09,91.72
08/21/09,93.73
08/24/09,94.27
08/25/09,94.13
08/26/09,93.58
08/27/09,93.91
08/28/09,94.43
08/31/09,93.79
09/01/09,92.41
09/02/09,92.05
09/03/09,92.20
09/04/09,92.94
09/07/09,93.58
09/08/09,94.21
09/09/09,94.80
09/10/09,95.05
09/11/09,95.47
09/14/09,95.99
09/15/09,96.42
09/16/09,97.48
09/17/09,97.71
09/18/09,97.57
09/21/09,97.13
09/22/09,97.68
09/23/09,97.26
09/24/09,96.29
09/25/09,95.98
09/28/09,97.32
09/29/09,96.75
09/30/09,96.98
10/01/09,95.30
10/02/09,94.43
10/05/09,95.34
10/06/09,96.60
10/07/09,96.13
10/08/09,96.73
10/09/09,96.57
10/12/09,96.72
10/13/09,96.00
10/14/09,96.53
10/15/09,96.74
10/16/09,96.20
10/19/09,97.30
10/20/09,97.03
10/21/09,97.36
10/22/09,97.09
10/23/09,95.76
10/26/09,94.95
10/27/09,94.40
10/28/09,93.52
10/29/09,94.38
10/30/09,92.86
11/02/09,92.95
11/03/09,92.34
11/04/09,93.64
11/05/09,94.51
11/06/09,94.23
11/09/09,95.91
11/10/09,96.04
11/11/09,96.38
11/12/09,95.32
11/13/09,95.99
11/16/09,97.37
11/17/09,97.01
11/18/09,97.56
11/19/09,96.11
11/20/09,96.03
11/23/09,97.35
11/24/09,97.37
11/25/09,98.59
11/26/09,97.35
11/27/09,97.01
11/30/09,97.19
12/01/09,98.95
12/02/09,99.57
12/03/09,99.62
12/04/09,99.17
12/07/09,99.22
12/08/09,98.50
12/09/09,98.50
12/10/09,99.28
12/11/09,99.83
12/14/09,100.47
12/15/09,100.12
12/16/09,100.65
12/17/09,99.00
12/18/09,98.97
12/21/09,99.62
12/22/09,99.49
12/23/09,99.97
12/24/09,100.38
12/29/09,101.49
12/30/09,100.89
12/31/09,100.58
01/04/10,101.46
01/05/10,101.37
01/06/10,101.37
01/07/10,100.71
01/08/10,101.11
01/11/10,102.31
01/12/10,101.84
01/13/10,101.94
01/14/10,101.77
01/15/10,100.60
01/18/10,100.98
01/19/10,101.76
01/20/10,100.29
01/21/10,99.32
01/22/10,98.27
01/25/10,98.15
01/26/10,97.88
01/27/10,97.41
01/28/10,96.09
01/29/10,95.48
02/01/10,96.11
02/02/10,96.92
02/03/10,96.13
02/04/10,93.75
02/05/10,92.58
02/08/10,92.71
02/09/10,92.90
02/10/10,93.02
02/11/10,93.04
02/12/10,93.14
02/15/10,93.22
02/16/10,94.62
02/17/10,94.78
02/18/10,94.90
02/19/10,95.03
02/22/10,95.21
02/23/10,94.50
02/24/10,94.70
02/25/10,93.76
02/26/10,94.28
03/01/10,94.83
03/02/10,95.62
03/03/10,96.25
03/04/10,95.83
03/05/10,96.52
03/08/10,96.69
03/09/10,96.64
03/10/10,97.12
03/11/10,97.33
03/12/10,97.33
03/15/10,97.11
03/16/10,98.04
03/17/10,98.34
03/18/10,97.57
03/19/10,97.00
03/22/10,96.63
03/23/10,97.06
03/24/10,95.78
03/25/10,95.96
03/26/10,95.87
03/29/10,97.00
03/30/10,97.28
03/31/10,97.18
04/01/10,98.10
04/06/10,98.22
04/07/10,97.73
04/08/10,97.36
04/09/10,98.62
04/12/10,99.35
04/13/10,98.77
04/14/10,99.12
04/15/10,99.14
04/16/10,98.00
04/19/10,97.70
04/20/10,98.66
04/21/10,98.12
04/22/10,97.53
04/23/10,97.93
04/26/10,97.94
04/27/10,96.14
04/28/10,95.14
04/29/10,95.63
04/30/10,96.07
05/03/10,96.57
05/04/10,94.67
05/05/10,93.37
05/06/10,91.06
05/07/10,89.07
05/10/10,92.88
05/11/10,92.37
05/12/10,93.52
05/13/10,92.97
05/14/10,90.79
05/17/10,90.37
05/18/10,90.68
05/19/10,89.41
05/20/10,87.39
05/21/10,87.99
05/24/10,86.98
05/25/10,85.81
05/26/10,86.06
05/27/10,88.04
05/28/10,88.29
05/31/10,88.14
06/01/10,87.71
06/02/10,88.30
06/03/10,89.40
06/04/10,87.02
06/07/10,86.41
06/08/10,86.63
06/09/10,87.09
06/10/10,88.95
06/11/10,89.14
06/14/10,90.33
06/15/10,91.67
06/16/10,92.24
06/17/10,92.57
06/18/10,92.84
06/21/10,92.88
06/22/10,91.48
06/23/10,90.50
06/24/10,90.04
06/25/10,89.79
06/28/10,90.31
06/29/10,87.94
06/30/10,87.64
07/01/10,87.70
07/02/10,88.29
07/05/10,88.11
07/06/10,89.77
07/07/10,91.67
07/08/10,92.34
07/09/10,92.52
07/12/10,92.38
07/13/10,93.17
07/14/10,93.27
07/15/10,93.59
07/16/10,92.19
07/19/10,92.70
07/20/10,93.02
07/21/10,92.48
07/22/10,94.16
07/23/10,94.18
07/26/10,94.89
07/27/10,95.76
07/28/10,95.58
07/29/10,95.32
07/30/10,94.84
08/02/10,97.07
08/03/10,97.30
08/04/10,97.41
08/05/10,97.61
08/06/10,97.55
08/09/10,98.10
08/10/10,97.39
08/11/10,95.24
08/12/10,95.03
08/13/10,94.81
08/16/10,94.97
08/17/10,96.09
08/18/10,95.81
08/19/10,94.62
08/20/10,93.79
08/23/10,94.22
08/24/10,94.03
08/25/10,93.59
08/26/10,93.84
08/27/10,95.06
08/30/10,94.59
08/31/10,94.59
09/01/10,96.69
09/02/10,96.82
09/03/10,97.41
09/06/10,98.05
09/07/10,97.30
09/08/10,97.60
09/09/10,98.10
09/10/10,97.72
09/13/10,98.41
09/14/10,98.35
09/15/10,97.83
09/16/10,97.28
09/17/10,96.55
09/20/10,97.58
09/21/10,97.49
09/22/10,98.08
09/23/10,97.43
09/24/10,98.72
09/27/10,98.84
09/28/10,99.23
09/29/10,98.84
09/30/10,98.59
10/01/10,99.11
10/04/10,98.44
10/05/10,99.93
10/06/10,99.93
10/07/10,100.53
10/08/10,100.61
10/11/10,100.85
10/12/10,99.88
10/13/10,101.18
10/14/10,101.55
10/15/10,101.54
10/18/10,102.12
10/19/10,101.27
10/20/10,102.16
10/21/10,102.40
10/22/10,101.80
10/25/10,101.94
10/26/10,101.65
10/27/10,100.71
10/28/10,101.73
10/29/10,102.70
11/01/10,102.26
11/02/10,103.24
11/03/10,102.61
11/04/10,104.30
11/05/10,103.59
11/08/10,102.79
11/09/10,102.95
11/10/10,102.03
11/11/10,101.77
11/12/10,101.48
11/15/10,101.54
11/16/10,99.91
11/17/10,100.19
11/18/10,101.20
11/19/10,101.22
11/22/10,100.99
11/23/10,99.30
11/24/10,99.45
11/25/10,99.30
11/26/10,98.23
11/29/10,97.10
11/30/10,96.79
12/01/10,97.88
12/02/10,98.81
12/03/10,99.56
12/06/10,99.20
12/07/10,99.48
12/08/10,98.93
12/09/10,99.22
12/10/10,99.48
12/13/10,100.51
12/14/10,100.71
12/15/10,99.87
12/16/10,99.95
12/17/10,99.64
12/20/10,100.28
12/21/10,100.90
12/22/10,101.21
12/23/10,101.22
12/24/10,101.37
12/27/10,100.97
12/28/10,101.15
12/29/10,101.43
12/30/10,101.37
12/31/10,101.62
01/03/11,101.82
01/04/11,102.01
01/05/11,101.14
01/06/11,100.73
01/07/11,100.71
01/10/11,99.79
01/11/11,99.96
01/12/11,101.31
01/13/11,102.53
01/14/11,102.93
01/17/11,102.82
01/18/11,103.91
01/19/11,104.07
01/20/11,104.29
01/21/11,105.00
01/24/11,105.74
01/25/11,105.24
01/26/11,104.96
01/27/11,105.34
01/28/11,104.12
01/31/11,104.67
02/01/11,106.33
02/02/11,106.03
02/03/11,105.59
02/04/11,105.25
02/07/11,105.90
02/08/11,106.03
02/09/11,106.29
02/10/11,105.91
02/11/11,105.94
02/14/11,105.54
02/15/11,105.72
02/16/11,105.92
02/17/11,106.92
02/18/11,107.10
02/21/11,106.76
02/22/11,106.28
02/23/11,105.96
02/24/11,105.80
02/25/11,106.40
02/28/11,107.37
03/01/11,106.55
03/02/11,106.46
03/03/11,106.99
03/04/11,106.61
03/07/11,106.63
03/08/11,106.72
03/09/11,107.18
03/10/11,105.84
03/11/11,105.99
03/14/11,104.08
03/15/11,101.00
03/16/11,99.80
03/17/11,101.15
03/18/11,101.77
03/21/11,103.33
03/22/11,104.03
03/23/11,103.74
03/24/11,104.18
03/25/11,104.00
03/28/11,103.50
03/29/11,103.73
03/30/11,104.94
03/31/11,104.74
04/01/11,105.06
04/04/11,105.49
04/05/11,104.96
04/06/11,105.43
04/07/11,105.17
04/08/11,106.01
04/11/11,105.76
04/12/11,105.02
04/13/11,105.56
04/14/11,105.43
04/15/11,105.79
04/18/11,103.85
04/19/11,104.29
04/20/11,106.37
04/21/11,106.76
04/25/11,106.51
04/26/11,107.30
04/27/11,107.82
04/28/11,109.39
04/29/11,109.70
05/02/11,110.14
05/03/11,109.94
05/04/11,109.14
05/05/11,108.00
05/06/11,108.24
05/09/11,107.01
05/10/11,108.33
05/11/11,108.17
05/12/11,107.53
05/13/11,106.94
05/16/11,106.52
05/17/11,106.14
05/18/11,106.58
05/19/11,106.82
05/20/11,106.15
05/23/11,104.38
05/24/11,104.93
05/25/11,105.21
05/26/11,105.27
05/27/11,105.98
05/30/11,105.84
05/31/11,107.03
06/01/11,105.96
06/02/11,105.38
06/03/11,105.02
06/06/11,103.81
06/07/11,104.72
06/08/11,104.35
06/09/11,104.58
06/10/11,103.01
06/13/11,103.22
06/14/11,104.72
06/15/11,103.23
06/16/11,102.71
06/17/11,103.82
06/20/11,103.95
06/21/11,105.10
06/22/11,104.91
06/23/11,102.92
06/24/11,103.05
06/27/11,103.60
06/28/11,104.47
06/29/11,105.71
06/30/11,106.90
07/01/11,107.74
07/04/11,107.97
07/05/11,107.25
07/06/11,106.47
07/07/11,106.73
07/08/11,105.69
07/11/11,103.61
07/12/11,103.27
07/13/11,104.29
07/14/11,103.68
07/15/11,103.59
07/18/11,102.40
07/19/11,103.56
07/20/11,104.61
07/21/11,106.59
07/22/11,106.69
07/25/11,106.35
07/26/11,106.47
07/27/11,105.10
07/28/11,104.69
07/29/11,103.93
08/01/11,102.62
08/02/11,101.39
08/03/11,101.17
08/04/11,97.54
08/05/11,96.88
08/08/11,92.60
08/09/11,93.92
08/10/11,92.22
08/11/11,95.42
08/12/11,96.42
08/15/11,98.86
08/16/11,97.88
08/17/11,98.91
08/18/11,95.86
08/19/11,95.50
08/22/11,96.09
08/23/11,97.53
08/24/11,99.07
08/25/11,97.35
08/26/11,97.37
08/29/11,99.74
08/30/11,99.34
08/31/11,100.68
09/01/11,99.86
09/02/11,98.25
09/05/11,96.67
09/06/11,96.22
09/07/11,97.87
09/08/11,98.11
09/09/11,95.20
09/12/11,94.29
09/13/11,95.17
09/14/11,96.48
09/15/11,98.50
09/16/11,98.87
09/19/11,97.52
09/20/11,99.01
09/21/11,97.52
09/22/11,94.30
09/23/11,94.80
09/26/11,96.12
09/27/11,98.46
09/28/11,97.80
09/29/11,98.83
09/30/11,97.42
10/03/11,95.56
10/04/11,94.68
10/05/11,95.51
10/06/11,97.54
10/07/11,98.40
10/10/11,100.25
10/11/11,99.44
10/12/11,100.11
10/13/11,99.47
10/14/11,100.58
10/17/11,100.29
10/18/11,100.04
10/19/11,100.88
10/20/11,100.05
10/21/11,102.35
10/24/11,102.64
10/25/11,101.43
10/26/11,101.58
10/27/11,104.64
10/28/11,103.97
10/31/11,101.88
11/01/11,98.78
11/02/11,100.13
11/03/11,101.59
11/04/11,100.59
11/07/11,101.20
11/08/11,101.34
11/09/11,99.02
11/10/11,99.40
11/11/11,101.59
11/14/11,100.15
11/15/11,99.69
11/16/11,99.10
11/17/11,98.81
11/18/11,99.13
11/21/11,97.21
11/22/11,96.78
11/23/11,95.21
11/24/11,94.73
11/25/11,95.11
11/28/11,97.28
11/29/11,98.09
11/30/11,101.16
12/01/11,101.07
12/02/11,100.32
12/05/11,101.21
12/06/11,100.31
12/07/11,100.33
12/08/11,98.88
12/09/11,100.06
12/12/11,98.59
12/13/11,98.20
12/14/11,96.80
12/15/11,97.90
12/16/11,97.99
12/19/11,97.38
12/20/11,99.27
12/21/11,99.50
12/22/11,100.25
12/23/11,101.01
12/26/11,100.89
12/27/11,101.35
12/28/11,100.26
12/29/11,101.10
12/30/11,101.55
01/02/12,102.25
01/03/12,102.00
01/04/12,101.23
01/05/12,100.22
01/06/12,99.61
01/09/12,99.67
01/10/12,100.59
01/11/12,99.58
01/12/12,99.54
01/13/12,98.97
01/16/12,99.09
01/17/12,99.91
01/18/12,99.61
01/19/12,99.22
01/20/12,99.33
01/23/12,99.39
01/24/12,99.14
01/25/12,99.78
01/26/12,101.12
01/27/12,100.37
01/30/12,99.91
01/31/12,100.49
02/01/12,101.65
02/02/12,101.21
02/03/12,101.83
02/06/12,101.63
02/07/12,102.65
02/08/12,102.78
02/09/12,102.51
02/10/12,101.79
02/13/12,101.97
02/14/12,101.98
02/15/12,101.78
02/16/12,102.16
02/17/12,102.59
02/20/12,103.08
02/21/12,102.87
02/22/12,102.54
02/23/12,102.45
02/24/12,103.09
02/27/12,102.87
02/28/12,102.95
02/29/12,103.28
03/01/12,103.93
03/02/12,103.83
03/05/12,103.86
03/06/12,102.57
03/07/12,102.59
03/08/12,103.47
03/09/12,103.47
03/12/12,103.57
03/13/12,104.38
03/14/12,103.71
03/15/12,103.86
03/16/12,104.20
03/19/12,103.91
03/20/12,103.60
03/21/12,103.39
03/22/12,103.28
03/23/12,103.45
03/26/12,104.25
03/27/12,104.60
03/28/12,103.63
03/29/12,103.30
03/30/12,103.89
04/02/12,104.55
04/03/12,104.34
04/04/12,102.88
04/05/12,102.55
04/06/12,102.59
04/09/12,102.18
04/10/12,100.86
04/11/12,101.34
04/12/12,101.76
04/13/12,100.82
04/16/12,101.43
04/17/12,102.66
04/18/12,102.02
04/19/12,101.59
04/20/12,102.56
04/23/12,101.24
04/24/12,102.30
04/25/12,102.70
04/26/12,103.05
04/27/12,103.62
04/30/12,103.50
05/01/12,103.85
05/02/12,102.98
05/03/12,102.53
05/04/12,102.24
05/07/12,102.31
05/08/12,101.89
05/09/12,101.19
05/10/12,102.31
05/11/12,102.37
05/14/12,101.29
05/15/12,100.13
05/16/12,99.56
05/17/12,98.88
05/18/12,98.83
05/21/12,99.08
05/22/12,99.83
05/23/12,98.32
05/24/12,98.99
05/25/12,99.16
05/28/12,98.88
05/29/12,98.99
05/30/12,97.81
05/31/12,98.11
06/01/12,97.17
06/04/12,97.67
06/05/12,97.85
06/06/12,99.07
06/07/12,99.46
06/08/12,99.47
06/11/12,99.36
06/12/12,99.57
06/13/12,99.82
06/14/12,100.34
06/15/12,101.12
06/18/12,100.97
06/19/12,101.80
06/20/12,101.76
06/21/12,100.63
06/22/12,100.56
06/25/12,99.61
06/26/12,99.98
06/27/12,101.25
06/28/12,101.59
06/29/12,103.55
07/02/12,104.05
07/03/12,104.12
07/04/12,103.86
07/05/12,102.93
07/06/12,102.47
07/09/12,102.33
07/10/12,102.39
07/11/12,102.95
07/12/12,102.28
07/13/12,103.54
07/16/12,103.53
07/17/12,103.43
07/18/12,103.89
07/19/12,104.11
07/20/12,102.83
07/23/12,101.42
07/24/12,100.25
07/25/12,100.02
07/26/12,102.49
07/27/12,103.79
07/30/12,104.12
07/31/12,103.56
08/01/12,103.08
08/02/12,101.75
08/03/12,103.73
08/06/12,104.16
08/07/12,104.51
08/08/12,104.20
08/09/12,104.06
08/10/12,104.11
08/13/12,104.00
08/14/12,104.51
08/15/12,104.12
08/16/12,104.68
08/17/12,104.60
08/20/12,104.76
08/21/12,104.78
08/22/12,104.28
08/23/12,103.72
08/24/12,104.02
08/27/12,104.25
08/28/12,103.82
08/29/12,103.58
08/30/12,103.03
08/31/12,103.41
09/03/12,103.54
09/04/12,103.44
09/05/12,103.25
09/06/12,104.67
09/07/12,105.53
09/10/12,105.20
09/11/12,105.29
09/12/12,105.13
09/13/12,106.05
09/14/12,106.72
09/17/12,106.17
09/18/12,105.72
09/19/12,106.07
09/20/12,105.74
09/21/12,106.20
09/24/12,106.54
09/25/12,106.55
09/26/12,105.66
09/27/12,105.80
09/28/12,105.51
10/01/12,106.05
10/02/12,106.36
10/03/12,106.82
10/04/12,107.17
10/05/12,107.62
10/08/12,107.05
10/09/12,106.24
10/10/12,105.90
10/11/12,106.22
10/12/12,105.76
10/15/12,106.22
10/16/12,107.28
10/17/12,108.48
10/18/12,108.53
10/19/12,107.72
10/22/12,107.33
10/23/12,105.74
10/24/12,105.50
10/25/12,105.86
10/26/12,105.81
10/29/12,105.66
10/30/12,105.98
10/31/12,106.32
11/01/12,106.08
11/02/12,105.37
11/05/12,104.22
11/06/12,104.56
11/07/12,102.82
11/08/12,102.14
11/09/12,101.38
11/12/12,100.85
11/13/12,100.54
11/14/12,100.03
11/15/12,99.66
11/16/12,99.88
11/19/12,101.13
11/20/12,100.91
11/21/12,101.00
11/22/12,101.24
11/23/12,101.75
11/26/12,102.29
11/27/12,102.09
11/28/12,102.20
11/29/12,103.20
11/30/12,103.55
12/03/12,103.30
12/04/12,103.16
12/05/12,103.84
12/06/12,103.24
12/07/12,103.31
12/10/12,103.23
12/11/12,104.02
12/12/12,104.16
12/13/12,103.91
12/14/12,103.88
12/17/12,105.22
12/18/12,105.95
12/19/12,105.86
12/20/12,106.15
12/21/12,105.74
12/24/12,105.61
12/26/12,105.16
12/27/12,105.06
12/28/12,104.39
12/31/12,105.19
01/01/13,105.19
01/02/13,107.14
01/03/13,106.79
01/04/13,107.22
01/07/13,106.21
01/08/13,105.95
01/09/13,106.11
01/10/13,106.60
01/11/13,106.79
01/14/13,106.56
01/15/13,106.76
01/16/13,106.21
01/17/13,106.71
01/18/13,106.81
01/21/13,107.17
01/22/13,107.43
01/23/13,107.03
01/24/13,107.15
01/25/13,107.61
01/28/13,107.47
01/29/13,108.36
01/30/13,108.17
01/31/13,108.06
02/01/13,108.36
02/04/13,107.19
02/05/13,107.39
02/06/13,107.58
02/07/13,107.33
02/08/13,107.55
02/11/13,107.56
02/12/13,108.15
02/13/13,107.99
02/14/13,107.10
02/15/13,107.05
02/18/13,107.18
02/19/13,108.05
02/20/13,107.83
02/21/13,106.46
02/22/13,107.49
02/25/13,106.80
02/26/13,106.14
02/27/13,107.20
02/28/13,107.73
03/01/13,107.36
03/04/13,108.28
03/05/13,108.97
03/06/13,108.77
03/07/13,108.84
03/08/13,109.04
03/11/13,109.17
03/12/13,108.69
03/13/13,108.43
03/14/13,109.16
03/15/13,109.57
03/18/13,108.82
03/19/13,109.06
03/20/13,109.75
03/21/13,109.96
03/22/13,110.51
03/25/13,109.81
03/26/13,110.45
03/27/13,110.48
03/28/13,111.70
03/29/13,111.79
04/01/13,111.72
04/02/13,112.29
04/03/13,111.76
04/04/13,111.99
04/05/13,112.37
04/08/13,112.78
04/09/13,113.12
04/10/13,114.65
04/11/13,115.13
04/12/13,115.49
04/15/13,114.64
04/16/13,114.87
04/17/13,113.91
04/18/13,114.05
04/19/13,115.02
04/22/13,115.20
04/23/13,116.11
04/24/13,116.63
04/25/13,116.91
04/26/13,116.84
04/29/13,117.99
04/30/13,118.67
05/01/13,117.97
05/02/13,117.57
05/03/13,118.08
05/06/13,117.05
05/07/13,117.76
05/08/13,117.82
05/09/13,116.56
05/10/13,116.32
05/13/13,116.13
05/14/13,116.93
05/15/13,117.11
05/16/13,116.71
05/17/13,117.05
05/20/13,117.74
05/21/13,117.79
05/22/13,116.43
05/23/13,115.07
05/24/13,114.81
05/27/13,114.56
05/28/13,113.85
05/29/13,112.56
05/30/13,112.39
05/31/13,111.21
06/03/13,111.29
06/04/13,111.25
06/05/13,109.75
06/06/13,110.36
06/07/13,111.25
06/10/13,111.16
06/11/13,110.51
06/12/13,110.42
06/13/13,111.45
06/14/13,111.82
06/17/13,112.69
06/18/13,113.24
06/19/13,111.75
06/20/13,107.80
06/21/13,107.76
06/24/13,106.96
06/25/13,107.62
06/26/13,108.92
06/27/13,109.56
06/28/13,109.79
07/01/13,109.19
07/02/13,109.44
07/03/13,108.66
07/04/13,109.28
07/05/13,108.59
07/08/13,109.80
07/09/13,110.63
07/10/13,111.00
07/11/13,112.87
07/12/13,112.49
07/15/13,113.45
07/16/13,113.49
07/17/13,113.42
07/18/13,114.27
07/19/13,114.52
07/22/13,114.81
07/23/13,115.07
07/24/13,114.39
07/25/13,114.50
07/26/13,114.82
07/29/13,114.45
07/30/13,115.07
07/31/13,114.44
08/01/13,115.75
08/02/13,116.07
08/05/13,115.43
08/06/13,115.00
08/07/13,115.04
08/08/13,115.59
08/09/13,115.08
08/12/13,114.53
08/13/13,114.17
08/14/13,113.80
08/15/13,112.63
08/16/13,112.26
08/19/13,111.39
08/20/13,111.60
08/21/13,110.62
08/22/13,110.86
08/23/13,111.61
08/26/13,110.82
08/27/13,110.52
08/28/13,110.64
08/29/13,110.21
08/30/13,109.80
09/02/13,110.29
09/03/13,109.75
09/04/13,109.62
09/05/13,109.70
09/06/13,110.71
09/09/13,111.24
09/10/13,112.04
09/11/13,112.16
09/12/13,112.12
09/13/13,112.42
09/16/13,112.99
09/17/13,113.30
09/18/13,114.98
09/19/13,115.92
09/24/13,115.42
09/25/13,114.80
09/26/13,114.88
09/27/13,114.75
09/30/13,114.51
10/01/13,115.00
10/02/13,115.31
10/03/13,114.32
10/04/13,114.43
10/07/13,114.13
10/08/13,114.40
10/09/13,114.62
10/10/13,116.03
10/11/13,116.40
10/14/13,116.32
10/15/13,115.57
10/16/13,116.29
10/17/13,117.58
10/18/13,118.02
10/21/13,117.89
10/22/13,118.82
10/23/13,118.31
10/24/13,118.39
10/25/13,118.91
10/28/13,118.82
10/29/13,119.18
10/30/13,118.72
10/31/13,117.99
11/01/13,117.62
11/04/13,117.98
11/05/13,117.42
11/06/13,118.60
11/07/13,117.11
11/08/13,116.91
11/11/13,117.05
11/12/13,116.67
11/13/13,116.86
11/14/13,117.40
11/15/13,117.85
11/18/13,118.37
11/19/13,117.57
11/20/13,116.64
11/21/13,116.78
11/22/13,117.03
11/25/13,117.01
11/26/13,116.29
11/27/13,116.00
11/28/13,116.16
11/29/13,116.05
12/02/13,115.39
12/03/13,115.20
12/04/13,114.74
12/05/13,114.19
12/06/13,115.17
12/09/13,115.12
12/10/13,114.52
12/11/13,113.61
12/12/13,113.41
12/13/13,113.18
12/16/13,114.02
12/17/13,113.76
12/18/13,115.00
12/19/13,115.03
12/20/13,115.46
12/23/13,115.87
12/24/13,116.12
12/26/13,116.09
12/27/13,116.80
12/30/13,117.18
12/31/13,117.40
01/01/14,117.40
01/02/14,115.75
01/03/14,115.73
01/06/14,115.59
01/07/14,116.01
01/08/14,115.60
01/09/14,115.73
01/10/14,116.96
01/13/14,116.30
01/14/14,116.45
01/15/14,116.27
01/16/14,116.73
01/17/14,116.89
01/20/14,116.96
01/21/14,117.48
01/22/14,118.03
01/23/14,117.87
01/24/14,116.46
01/27/14,116.08
01/28/14,116.30
01/29/14,116.04
01/30/14,116.90
01/31/14,117.32
02/03/14,116.36
02/04/14,115.65
02/05/14,115.42
02/06/14,116.91
02/07/14,118.05
02/10/14,118.32
02/11/14,119.39
02/12/14,119.58
02/13/14,120.50
02/14/14,121.40
02/17/14,121.59
02/18/14,121.79
02/19/14,121.70
02/20/14,122.34
02/21/14,122.82
02/24/14,122.87
02/25/14,122.77
02/26/14,121.92
02/27/14,122.15
02/28/14,122.78
03/03/14,121.63
03/04/14,123.05
03/05/14,122.91
03/06/14,122.94
03/07/14,122.73
03/10/14,122.51
03/11/14,122.56
03/12/14,123.15
03/13/14,123.45
03/14/14,123.33
03/17/14,124.26
03/18/14,124.66
03/19/14,123.64
03/20/14,122.92
03/21/14,123.37
03/24/14,123.29
03/25/14,123.92
03/26/14,123.89
03/27/14,124.77
03/28/14,125.43
03/31/14,126.01
04/01/14,125.98
04/02/14,125.61
04/03/14,125.53
04/04/14,125.95
04/07/14,125.66
04/08/14,126.66
04/09/14,126.82
04/10/14,126.32
04/11/14,125.82
04/14/14,126.06
04/15/14,126.70
04/16/14,128.06
04/17/14,127.69
04/21/14,127.46
04/22/14,127.96
04/23/14,127.68
04/24/14,127.92
04/25/14,128.15
04/28/14,128.64
04/29/14,129.04
04/30/14,129.19
05/01/14,129.66
05/02/14,128.56
05/05/14,129.05
05/06/14,129.05
05/07/14,130.18
05/08/14,129.93
05/09/14,128.78
05/12/14,128.71
05/13/14,128.67
05/14/14,129.15
05/15/14,128.52
05/16/14,128.87
05/19/14,128.30
05/20/14,128.41
05/21/14,128.78
05/22/14,129.18
05/23/14,129.32
05/26/14,129.84
05/27/14,129.99
05/28/14,130.32
05/29/14,130.39
05/30/14,131.10
06/02/14,131.30
06/03/14,131.28
06/04/14,131.08
06/05/14,131.95
06/06/14,132.33
06/09/14,131.98
06/10/14,131.81
06/11/14,130.81
06/12/14,131.15
06/13/14,131.66
06/16/14,132.78
06/17/14,132.83
06/18/14,134.27
06/19/14,135.52
06/20/14,134.93
06/23/14,134.80
06/24/14,135.03
06/25/14,135.01
06/26/14,135.35
06/27/14,135.77
06/30/14,136.38
07/01/14,136.25
07/02/14,135.33
07/03/14,134.64
07/04/14,134.38
07/07/14,134.20
07/08/14,134.30
07/09/14,134.09
07/10/14,133.94
07/11/14,133.77
07/14/14,133.49
07/15/14,133.58
07/16/14,134.49
07/17/14,133.21
07/18/14,134.18
07/21/14,134.17
07/22/14,134.87
07/23/14,134.90
07/24/14,135.40
07/25/14,134.40
07/28/14,135.31
07/29/14,134.78
07/30/14,133.07
07/31/14,131.25
08/01/14,130.61
08/04/14,130.44
08/05/14,129.23
08/06/14,128.02
08/07/14,127.99
08/08/14,129.09
08/11/14,129.69
08/12/14,129.69
08/13/14,130.44
08/14/14,131.33
08/15/14,131.91
08/18/14,132.14
08/19/14,133.05
08/20/14,133.42
08/21/14,133.64
08/22/14,132.92
08/26/14,133.34
08/27/14,134.11
08/28/14,134.14
08/29/14,134.77
09/01/14,134.89
09/02/14,134.22
09/03/14,135.31
09/04/14,135.21
09/05/14,136.02
09/08/14,135.01
09/09/14,133.65
09/10/14,133.24
09/11/14,133.90
09/12/14,132.24
09/15/14,132.19
09/16/14,132.82
09/17/14,132.81
09/18/14,132.65
09/19/14,132.93
09/22/14,132.00
09/23/14,131.16
09/24/14,131.09
09/25/14,130.02
09/26/14,130.35
09/29/14,130.29
09/30/14,130.55
10/01/14,130.14
10/02/14,129.05
10/03/14,129.33
10/06/14,129.62
10/07/14,129.18
10/08/14,130.23
10/09/14,128.62
10/10/14,127.76
10/13/14,127.61
10/14/14,127.30
10/15/14,125.94
10/16/14,126.19
10/17/14,127.66
10/20/14,128.83
10/21/14,129.89
10/22/14,130.12
10/23/14,130.57
10/24/14,131.34
10/27/14,131.33
10/28/14,133.07
10/29/14,132.83
10/30/14,133.76
10/31/14,134.44
11/03/14,133.54
11/04/14,132.97
11/05/14,134.94
11/06/14,133.44
11/07/14,134.04
11/10/14,134.67
11/11/14,134.82
11/12/14,133.02
11/13/14,132.21
11/14/14,131.85
11/17/14,132.55
11/18/14,133.46
11/19/14,133.86
11/20/14,133.31
11/21/14,134.04
11/24/14,133.40
11/25/14,133.78
11/26/14,134.79
11/27/14,134.63
11/28/14,134.46
12/01/14,134.18
12/02/14,134.73
12/03/14,134.90
12/04/14,135.00
12/05/14,134.49
12/08/14,133.53
12/09/14,133.55
12/10/14,131.78
12/11/14,131.98
12/12/14,130.38
12/15/14,128.30
12/16/14,129.07
12/17/14,130.68
12/18/14,133.00
12/19/14,133.57
12/22/14,133.97
12/23/14,134.46
12/24/14,135.66
12/26/14,136.54
12/29/14,137.64
12/30/14,135.62
12/31/14,134.38
01/01/15,134.38
01/02/15,134.39
01/05/15,131.30
01/06/15,130.35
01/07/15,130.67
01/08/15,132.34
01/09/15,131.32
01/12/15,130.46
01/13/15,130.70
01/14/15,130.83
01/15/15,131.43
01/16/15,132.54
01/19/15,133.07
01/20/15,133.42
01/21/15,134.46
01/22/15,134.69
01/23/15,134.83
01/26/15,135.06
01/27/15,136.02
01/28/15,135.13
01/29/15,135.95
01/30/15,134.09
02/02/15,134.88
02/03/15,135.58
02/04/15,134.47
02/05/15,135.14
02/06/15,131.91
02/09/15,130.55
02/10/15,132.23
02/11/15,130.65
02/12/15,131.23
02/13/15,130.51
02/16/15,130.13
02/17/15,130.35
02/18/15,131.55
02/19/15,130.94
02/20/15,130.85
02/23/15,131.36
02/24/15,132.28
02/25/15,131.54
02/26/15,130.10
02/27/15,130.48
03/02/15,128.94
03/03/15,129.08
03/04/15,128.13
03/05/15,128.76
03/06/15,125.83
03/09/15,125.46
03/10/15,124.27
03/11/15,123.64
03/12/15,124.78
03/13/15,123.63
03/16/15,125.13
03/17/15,125.67
03/18/15,128.08
03/19/15,127.59
03/20/15,129.48
03/23/15,129.94
03/24/15,129.35
03/25/15,128.98
03/26/15,127.75
03/27/15,128.01
03/30/15,128.75
03/31/15,128.19
04/01/15,128.29
04/02/15,128.88
04/06/15,130.30
04/07/15,130.07
04/08/15,129.67
04/09/15,129.66
04/10/15,130.21
04/13/15,129.43
04/14/15,130.45
04/15/15,130.73
04/16/15,130.87
04/17/15,130.54
04/20/15,131.38
04/21/15,130.82
04/22/15,130.98
04/23/15,131.77
04/24/15,133.31
04/27/15,132.87
04/28/15,133.45
04/29/15,132.84
04/30/15,131.40
05/01/15,131.48
05/04/15,131.91
05/05/15,129.80
05/06/15,129.60
05/07/15,129.42
05/08/15,131.40
05/11/15,130.82
05/12/15,130.78
05/13/15,130.66
05/14/15,131.61
05/15/15,132.86
05/18/15,132.81
05/19/15,132.38
05/20/15,132.72
05/21/15,133.06
05/22/15,132.43
05/25/15,132.14
05/26/15,130.48
05/27/15,131.14
05/28/15,131.14
05/29/15,130.72
06/01/15,130.55
06/02/15,130.37
06/03/15,129.60
06/04/15,128.13
06/05/15,126.41
06/08/15,125.60
06/09/15,125.61
06/10/15,126.82
06/11/15,126.94
06/12/15,125.85
06/15/15,125.27
06/16/15,125.74
06/17/15,126.10
06/18/15,127.98
06/19/15,127.24
06/22/15,129.49
06/23/15,128.30
06/24/15,127.55
06/25/15,126.59
06/26/15,126.56
06/29/15,124.69
06/30/15,124.23
07/01/15,124.43
07/02/15,125.65
07/03/15,125.36
07/06/15,124.36
07/07/15,125.23
07/08/15,124.96
07/09/15,124.99
07/10/15,126.68
07/13/15,127.00
07/14/15,127.17
07/15/15,127.41
07/16/15,128.67
07/17/15,127.58
07/20/15,127.06
07/21/15,126.31
07/22/15,125.72
07/23/15,124.80
07/24/15,124.46
07/27/15,124.95
07/28/15,125.62
07/29/15,126.23
07/30/15,126.34
07/31/15,127.73
08/03/15,127.43
08/04/15,126.67
08/05/15,126.28
08/06/15,126.30
08/07/15,126.79
08/10/15,127.26
08/11/15,127.10
08/12/15,128.49
08/13/15,128.28
08/14/15,128.81
08/17/15,129.52
08/18/15,128.82
08/19/15,128.28
08/20/15,127.16
08/21/15,125.00
08/24/15,120.14
08/25/15,118.72
08/26/15,119.81
08/27/15,122.01
08/28/15,122.50
08/31/15,121.20
09/01/15,118.19
09/02/15,117.93
09/03/15,118.40
09/04/15,116.72
09/07/15,117.04
09/08/15,118.80
09/09/15,118.71
09/10/15,117.87
09/11/15,117.58
09/14/15,117.66
09/15/15,118.10
09/16/15,119.51
09/17/15,120.43
09/18/15,119.68
09/21/15,119.70
09/22/15,117.86
09/23/15,117.36
09/24/15,117.53
09/25/15,118.88
09/28/15,117.28
09/29/15,116.28
09/30/15,118.74
10/01/15,118.45
10/02/15,120.42
10/05/15,122.61
10/06/15,122.81
10/07/15,123.48
10/08/15,124.53
10/09/15,124.80
10/12/15,125.20
10/13/15,124.49
10/14/15,124.68
10/15/15,126.19
10/16/15,126.68
10/19/15,126.23
10/20/15,126.56
10/21/15,126.24
10/22/15,126.56
10/23/15,125.50
10/26/15,124.70
10/27/15,123.80
10/28/15,123.92
10/29/15,122.75
10/30/15,123.57
11/02/15,123.38
11/03/15,123.66
11/04/15,123.49
11/05/15,122.52
11/06/15,119.45
11/09/15,118.65
11/10/15,118.84
11/11/15,119.01
11/12/15,117.80
11/13/15,117.14
11/16/15,118.63
11/17/15,118.28
11/18/15,118.72
11/19/15,119.87
11/20/15,119.80
11/23/15,118.86
11/24/15,118.55
11/25/15,118.43
11/26/15,118.85
11/27/15,118.52
11/30/15,118.28
12/01/15,119.15
12/02/15,117.17
12/03/15,116.06
12/04/15,115.99
12/07/15,115.13
12/08/15,114.24
12/09/15,115.45
12/10/15,114.78
12/11/15,113.61
12/14/15,113.08
12/15/15,113.97
12/16/15,115.74
12/17/15,115.73
12/18/15,114.43
12/21/15,114.31
12/22/15,115.01
12/23/15,117.33
12/24/15,117.59
12/28/15,117.34
12/29/15,117.96
12/30/15,117.68
12/31/15,116.98
01/01/16,116.98
01/04/16,115.76
01/05/16,116.38
01/06/16,115.46
01/07/16,114.29
01/08/16,114.24
01/11/16,114.06
01/12/16,113.22
01/13/16,113.16
01/14/16,114.18
01/15/16,112.56
01/18/16,111.83
01/19/16,113.24
01/20/16,110.43
01/21/16,111.44
01/22/16,114.84
01/25/16,113.68
01/26/16,114.95
01/27/16,115.54
01/28/16,116.88
01/29/16,118.88
02/01/16,119.72
02/02/16,119.27
02/03/16,120.46
02/04/16,120.95
02/05/16,120.12
02/08/16,118.51
02/09/16,118.23
02/10/16,117.63
02/11/16,115.75
02/12/16,116.12
02/15/16,117.21
02/16/16,117.60
02/17/16,118.08
02/18/16,119.63
02/19/16,118.82
02/22/16,120.30
02/23/16,119.39
02/24/16,119.06
02/25/16,120.53
02/26/16,118.99
02/29/16,119.05
03/01/16,119.24
03/02/16,119.96
03/03/16,121.07
03/04/16,122.24
03/07/16,122.34
03/08/16,122.25
03/09/16,122.79
03/10/16,122.89
03/11/16,124.23
03/14/16,124.25
03/15/16,123.88
03/16/16,124.45
03/17/16,126.93
03/18/16,126.56
03/21/16,126.07
03/22/16,125.81
03/23/16,125.60
03/24/16,125.65
03/28/16,125.80
03/29/16,126.89
03/30/16,128.20
03/31/16,128.41
04/01/16,127.19
04/04/16,127.26
04/05/16,124.93
04/06/16,125.52
04/07/16,125.50
04/08/16,126.76
04/11/16,126.93
04/12/16,127.73
04/13/16,127.74
04/14/16,127.77
04/15/16,128.22
04/18/16,128.66
04/19/16,129.87
04/20/16,128.44
04/21/16,126.57
04/22/16,126.71
04/25/16,126.62
04/26/16,127.28
04/27/16,128.64
04/28/16,128.75
04/29/16,129.29
05/03/16,128.93
05/04/16,128.97
05/05/16,128.72
05/06/16,128.15
05/09/16,128.19
05/10/16,128.97
05/11/16,128.82
05/12/16,129.29
05/13/16,128.64
05/16/16,129.00
05/17/16,128.34
05/18/16,126.64
05/19/16,126.37
05/20/16,127.24
05/23/16,126.25
05/24/16,127.41
05/25/16,127.74
05/26/16,128.70
05/27/16,128.92
05/31/16,129.18
06/01/16,128.97
06/02/16,128.86
06/03/16,130.70
06/06/16,131.40
06/07/16,132.00
06/08/16,132.81
06/09/16,133.05
06/10/16,131.60
06/13/16,130.70
06/14/16,129.88
06/15/16,129.65
06/16/16,129.54
06/17/16,130.85
06/20/16,132.56
06/21/16,132.80
06/22/16,132.20
06/23/16,133.27
06/24/16,129.01
06/27/16,128.81
06/28/16,130.53
06/29/16,132.88
06/30/16,135.49
07/01/16,135.59
07/04/16,136.16
07/05/16,135.73
07/06/16,135.17
07/07/16,134.18
07/08/16,134.98
07/11/16,135.56
07/12/16,135.00
07/13/16,136.02
07/14/16,135.81
07/15/16,136.00
07/18/16,136.36
07/19/16,136.09
07/20/16,136.10
07/21/16,136.27
07/22/16,136.93
07/25/16,136.80
07/26/16,136.28
07/27/16,135.08
07/28/16,135.39
07/29/16,136.82
08/01/16,136.19
08/02/16,135.64
08/03/16,134.84
08/04/16,135.00
08/05/16,133.98
08/08/16,134.25
08/09/16,134.20
08/10/16,133.95
08/11/16,134.68
08/12/16,134.97
08/15/16,134.03
08/16/16,132.89
08/17/16,133.38
08/18/16,134.90
08/19/16,133.57
08/22/16,133.81
08/23/16,134.06
08/24/16,133.50
08/25/16,133.49
08/26/16,132.33
08/30/16,131.20
08/31/16,131.30
09/01/16,131.25
09/02/16,133.15
09/05/16,133.57
09/06/16,135.13
09/07/16,135.71
09/08/16,136.38
09/09/16,132.67
09/12/16,133.16
09/13/16,131.16
09/14/16,131.32
09/15/16,131.88
09/16/16,132.14
09/19/16,133.44
09/20/16,133.22
09/21/16,134.83
09/22/16,136.47
09/23/16,135.76
09/26/16,135.27
09/27/16,134.56
09/28/16,134.98
09/29/16,134.52
09/30/16,133.76
10/03/16,132.68
10/04/16,130.62
10/05/16,129.66
10/06/16,128.96
10/07/16,128.17
10/10/16,128.91
10/11/16,127.62
10/12/16,127.96
10/13/16,128.83
10/14/16,129.07
10/17/16,129.14
10/18/16,130.47
10/19/16,130.92
10/20/16,130.76
10/21/16,130.18
10/24/16,130.16
10/25/16,130.24
10/26/16,130.76
10/27/16,130.09
10/28/16,130.07
10/31/16,131.36
11/01/16,130.21
11/02/16,128.44
11/03/16,128.45
11/04/16,128.15
11/07/16,129.59
11/08/16,130.33
11/09/16,127.35
11/10/16,124.48
11/11/16,123.36
11/14/16,122.12
11/15/16,123.92
11/16/16,123.25
11/17/16,123.78
11/18/16,122.88
11/21/16,124.30
11/22/16,124.70
11/23/16,123.88
11/24/16,123.88
11/25/16,125.13
11/28/16,126.41
11/29/16,126.63
11/30/16,124.85
12/01/16,123.62
12/02/16,124.40
12/05/16,124.53
12/06/16,125.36
12/07/16,126.63
12/08/16,126.65
12/09/16,127.26
12/12/16,128.42
12/13/16,129.94
12/14/16,128.33
12/15/16,127.61
12/16/16,128.74
12/19/16,129.24
12/20/16,129.11
12/21/16,129.02
12/22/16,129.17
12/23/16,129.42
12/28/16,128.35
12/29/16,129.59
12/30/16,129.41
01/03/17,129.13
01/04/17,129.72
01/05/17,130.52
01/06/17,130.51
01/09/17,129.48
01/10/17,128.76
01/11/17,129.19
01/12/17,130.25
01/13/17,130.38
01/16/17,130.23
01/17/17,131.50
01/18/17,131.37
01/19/17,130.11
01/20/17,130.49
01/23/17,130.20
01/24/17,130.65
01/25/17,130.61
01/26/17,130.21
01/27/17,129.94
01/30/17,129.26
01/31/17,130.64
02/01/17,129.29
02/02/17,130.40
02/03/17,130.96
02/06/17,130.10
02/07/17,130.25
02/08/17,131.64
02/09/17,131.35
02/10/17,131.91
02/13/17,132.39
02/14/17,131.69
02/15/17,131.32
02/16/17,132.09
02/17/17,131.90
02/20/17,132.09
02/21/17,132.89
02/22/17,132.87
02/23/17,133.70
02/24/17,134.22
02/27/17,134.41
02/28/17,134.92
03/01/17,134.19
03/02/17,134.90
03/03/17,134.61
03/06/17,134.72
03/07/17,134.56
03/08/17,133.02
03/09/17,132.84
03/10/17,133.58
03/13/17,134.00
03/14/17,133.35
03/15/17,134.66
03/16/17,135.11
03/17/17,135.35
03/20/17,134.98
03/21/17,135.96
03/22/17,136.35
03/23/17,136.57
03/24/17,137.04
03/27/17,137.15
03/28/17,137.66
03/29/17,137.43
03/30/17,136.99
03/31/17,137.27
04/03/17,137.10
04/04/17,137.44
04/05/17,137.92
04/06/17,138.13
04/07/17,137.86
04/10/17,137.99
04/11/17,138.08
04/12/17,138.67
04/13/17,138.33
04/18/17,138.69
04/19/17,137.84
04/20/17,137.53
04/21/17,137.80
04/24/17,138.98
04/25/17,139.04
04/26/17,138.63
04/27/17,138.84
04/28/17,138.46
05/02/17,138.81
05/03/17,138.50
05/04/17,138.45
05/05/17,139.41
05/08/17,139.63
05/09/17,138.88
05/10/17,139.24
05/11/17,138.81
05/12/17,139.33
05/15/17,139.98
05/16/17,139.80
05/17/17,139.41
05/18/17,139.34
05/19/17,140.17
05/22/17,141.13
05/23/17,141.60
05/24/17,142.06
05/25/17,143.23
05/26/17,143.13
05/30/17,143.27
05/31/17,143.51
06/01/17,144.65
06/02/17,145.05
06/05/17,144.67
06/06/17,144.44
06/07/17,144.38
06/08/17,143.66
06/09/17,143.49
06/12/17,143.13
06/13/17,143.89
06/14/17,144.20
06/15/17,144.09
06/16/17,145.05
06/19/17,145.02
06/20/17,143.63
06/21/17,143.14
06/22/17,143.07
06/23/17,143.38
06/26/17,144.03
06/27/17,143.27
06/28/17,143.38
06/29/17,142.47
06/30/17,142.20
07/03/17,141.93
07/04/17,141.92
07/05/17,141.35
07/06/17,141.21
07/07/17,141.35
07/10/17,141.26
07/11/17,141.07
07/12/17,142.32
07/13/17,142.29
07/14/17,143.37
07/17/17,143.35
07/18/17,143.73
07/19/17,143.95
07/20/17,144.65
07/21/17,145.22
07/24/17,144.31
07/25/17,144.16
07/26/17,144.29
07/27/17,144.22
07/28/17,144.37
07/31/17,144.54
08/01/17,145.29
08/02/17,145.57
08/03/17,145.87
08/04/17,145.42
08/07/17,145.68
08/08/17,145.55
08/09/17,145.28
08/10/17,144.85
08/11/17,144.30
08/14/17,145.32
08/15/17,145.14
08/16/17,145.56
08/17/17,144.88
08/18/17,145.08
08/21/17,145.41
08/22/17,146.13
08/23/17,146.32
08/24/17,146.31
08/25/17,146.66
08/29/17,146.84
08/30/17,146.69
08/31/17,147.37
09/01/17,147.42
09/04/17,147.14
09/05/17,147.25
09/06/17,147.28
09/07/17,148.18
09/08/17,148.56
09/11/17,149.61
09/12/17,148.45
09/13/17,147.63
09/14/17,148.15
09/15/17,148.61
09/18/17,147.90
09/19/17,147.83
09/20/17,147.83
09/21/17,147.13
09/22/17,146.72
09/25/17,147.20
09/26/17,146.78
09/27/17,146.02
09/28/17,146.12
09/29/17,146.12
10/02/17,145.99
10/03/17,145.83
10/04/17,146.24
10/05/17,146.26
10/06/17,145.90
10/09/17,146.08
10/10/17,146.77
10/11/17,147.45
10/12/17,148.13
10/13/17,147.73
10/16/17,147.40
10/17/17,147.52
10/18/17,147.57
10/19/17,148.55
10/20/17,148.44
10/23/17,148.06
10/24/17,148.06
10/25/17,146.71
10/26/17,147.13
10/27/17,147.47
10/30/17,147.88
10/31/17,147.91
11/01/17,147.46
11/02/17,147.77
11/03/17,147.67
11/06/17,148.16
11/07/17,148.93
11/08/17,149.51
11/09/17,149.20
11/10/17,148.56
11/13/17,148.43
11/14/17,148.70
11/15/17,147.55
11/16/17,147.82
11/17/17,147.08
11/20/17,146.98
11/21/17,147.70
11/22/17,148.17
11/23/17,148.22
11/24/17,148.69
11/27/17,148.76
11/28/17,149.27
11/29/17,149.74
11/30/17,151.05
12/01/17,150.61
12/04/17,150.48
12/05/17,149.75
12/06/17,149.76
12/07/17,150.28
12/08/17,150.47
12/11/17,150.85
12/12/17,149.75
12/13/17,150.05
12/14/17,149.73
12/15/17,149.68
12/18/17,149.58
12/19/17,148.31
12/20/17,147.91
12/21/17,147.19
12/22/17,147.43
12/27/17,148.07
12/28/17,148.60
12/29/17,148.68
01/02/18,148.84
01/03/18,148.58
01/04/18,148.59
01/05/18,149.24
01/08/18,149.92
01/09/18,149.26
01/10/18,147.63
01/11/18,147.47
01/12/18,147.25
01/15/18,147.78
01/16/18,147.58
01/17/18,148.07
01/18/18,147.26
01/19/18,147.45
01/22/18,147.90
01/23/18,148.64
01/24/18,148.71
01/25/18,148.82
01/26/18,148.97
01/29/18,147.71
01/30/18,147.12
01/31/18,148.00
02/01/18,146.95
02/02/18,144.93
02/05/18,141.97
02/06/18,140.76
02/07/18,140.71
02/08/18,138.14
02/09/18,139.01
02/12/18,140.23
02/13/18,140.48
02/14/18,140.81
02/15/18,142.42
02/16/18,143.60
02/19/18,143.60
02/20/18,142.37
02/21/18,141.57
02/22/18,141.64
02/23/18,143.95
02/26/18,144.54
02/27/18,142.44
02/28/18,140.73
03/01/18,139.94
03/02/18,139.40
03/05/18,140.89
03/06/18,140.74
03/07/18,140.17
03/08/18,141.08
03/09/18,142.21
03/12/18,143.03
03/13/18,143.31
03/14/18,143.30
03/15/18,142.58
03/16/18,143.11
03/19/18,142.09
03/20/18,141.76
03/21/18,141.95
03/22/18,141.23
03/23/18,139.75
03/26/18,140.70
03/27/18,141.72
03/28/18,141.89
03/29/18,142.79
03/30/18,142.77
03/31/18,--
04/03/18,142.01
04/04/18,142.23
04/05/18,143.47
04/06/18,142.53
04/09/18,143.10
04/10/18,142.68
04/11/18,142.90
04/12/18,142.26
04/13/18,142.64
04/16/18,144.11
04/17/18,145.06
04/18/18,145.71
04/19/18,145.25
04/20/18,144.10
04/23/18,144.01
04/24/18,143.75
04/25/18,144.17
04/26/18,144.94
04/27/18,146.03
04/30/18,145.74
05/01/18,145.38
05/02/18,145.37
05/03/18,145.33
05/04/18,146.29
05/08/18,144.90
05/09/18,145.25
05/10/18,146.26
05/11/18,146.82
05/14/18,146.75
05/15/18,145.50
05/16/18,144.77
05/17/18,144.65
05/18/18,144.53
05/21/18,144.99
05/22/18,145.01
05/23/18,145.36
05/24/18,145.79
05/25/18,145.84
05/29/18,145.29
05/30/18,146.62
05/31/18,146.35
06/01/18,145.66
06/04/18,145.54
06/05/18,144.72
06/06/18,143.90
06/07/18,144.20
06/08/18,144.35
06/11/18,144.81
06/12/18,145.75
06/13/18,145.15
06/14/18,145.88
06/15/18,145.90
06/18/18,146.00
06/19/18,145.75
06/20/18,146.40
06/21/18,145.97
06/22/18,147.18
06/25/18,147.21
06/26/18,147.74
06/27/18,147.56
06/28/18,147.68
06/29/18,148.63
06/30/18,--
07/02/18,148.56
07/03/18,148.81
07/04/18,149.08
07/05/18,149.87
07/06/18,151.17
07/09/18,149.85
07/10/18,150.11
07/11/18,149.68
07/12/18,150.02
07/13/18,150.12
07/16/18,149.53
07/17/18,149.49
07/18/18,149.71
07/19/18,150.48
07/20/18,150.53
07/23/18,150.36
07/24/18,150.29
07/25/18,151.25
07/26/18,152.56
07/27/18,152.37
07/30/18,151.96
07/31/18,152.69
08/01/18,151.82
08/02/18,152.05
08/03/18,152.98
08/06/18,153.00
08/07/18,153.22
08/08/18,152.73
08/09/18,153.00
08/10/18,152.13
08/13/18,151.53
08/14/18,152.24
08/15/18,151.92
08/16/18,152.51
08/17/18,153.28
08/20/18,153.33
08/21/18,153.03
08/22/18,152.42
08/23/18,151.95
08/24/18,152.25
08/28/18,152.46
08/29/18,152.53
08/30/18,152.22
08/31/18,151.84
09/03/18,151.66
09/04/18,151.44
09/05/18,152.26
09/06/18,152.41
09/07/18,151.91
09/10/18,152.16
09/11/18,152.08
09/12/18,152.31
09/13/18,153.07
09/14/18,152.58
09/17/18,153.08
09/18/18,154.11
09/19/18,152.59
09/20/18,152.92
09/21/18,153.38
09/24/18,152.09
09/25/18,151.49
09/26/18,150.77
09/27/18,151.22
09/28/18,152.01
09/30/18,--
10/01/18,152.27
10/02/18,152.46
10/03/18,152.04
10/04/18,151.89
10/05/18,152.72
10/08/18,153.29
10/09/18,153.47
10/10/18,151.45
10/11/18,148.34
10/12/18,148.42
10/15/18,148.63
10/16/18,150.60
10/17/18,150.11
10/18/18,149.72
10/19/18,151.01
10/22/18,150.26
10/23/18,148.53
10/24/18,149.34
10/25/18,148.48
10/26/18,146.86
10/29/18,147.72
10/30/18,149.16
10/31/18,148.76
11/01/18,149.01
11/02/18,148.58
11/05/18,149.86
11/06/18,150.90
11/07/18,152.52
11/08/18,152.41
11/09/18,152.08
11/12/18,151.28
11/13/18,151.32
11/14/18,151.10
11/15/18,151.21
11/16/18,152.56
11/19/18,153.01
11/20/18,151.09
11/21/18,150.64
11/22/18,150.82
11/23/18,150.41
11/26/18,150.91
11/27/18,151.70
11/28/18,152.29
11/29/18,152.65
11/30/18,153.87
12/03/18,155.09
12/04/18,153.88
12/05/18,153.91
12/06/18,153.14
12/07/18,153.02
12/10/18,152.13
12/11/18,152.41
12/12/18,153.03
12/13/18,153.68
12/14/18,152.41
12/17/18,149.74
12/18/18,148.46
12/19/18,148.13
12/20/18,147.47
12/21/18,145.92
12/24/18,141.96
12/27/18,145.23
12/28/18,145.71
12/31/18,146.13
01/02/19,145.39
01/03/19,145.39
01/04/19,148.13
01/07/19,148.51
01/08/19,150.51
01/09/19,150.79
01/10/19,152.65
01/11/19,152.39
01/14/19,151.39
01/15/19,152.12
01/16/19,152.51
01/17/19,153.19
01/18/19,154.27
01/21/19,154.18
01/22/19,153.57
01/23/19,154.08
01/24/19,155.37
01/25/19,155.21
01/28/19,154.74
01/29/19,155.71
01/30/19,156.21
01/31/19,157.77
02/01/19,157.52
02/04/19,157.93
02/05/19,158.60
02/06/19,157.84
02/07/19,158.31
02/08/19,158.29
02/11/19,158.32
02/12/19,159.14
02/13/19,159.25
02/14/19,159.38
02/15/19,160.15
02/18/19,160.46
02/19/19,161.34
02/20/19,162.25
02/21/19,162.67
02/22/19,163.22
02/25/19,162.62
02/26/19,162.51
02/27/19,162.75
02/28/19,162.44
03/01/19,162.83
03/04/19,162.70
03/05/19,162.42
03/06/19,162.49
03/07/19,162.75
03/08/19,162.55
03/11/19,164.17
03/12/19,164.85
03/13/19,165.38
03/14/19,165.28
03/15/19,165.86
03/18/19,166.42
03/19/19,165.10
03/20/19,165.11
03/21/19,166.37
03/22/19,166.07
03/25/19,165.94
03/26/19,167.07
03/27/19,166.49
03/28/19,165.94
03/29/19,166.71
03/31/19,--
04/01/19,167.07
04/02/19,166.76
04/03/19,166.80
04/04/19,166.01
04/05/19,166.89
04/08/19,166.73
04/09/19,166.30
04/10/19,166.23
04/11/19,166.50
04/12/19,167.46
04/15/19,167.06
04/16/19,165.72
04/17/19,165.71
04/18/19,166.06
04/23/19,166.84
04/24/19,167.09
04/25/19,167.12
04/26/19,167.72
04/29/19,167.07
04/30/19,168.26
05/01/19,167.28
05/02/19,166.62
05/03/19,167.91
05/07/19,166.21
05/08/19,165.28
05/09/19,164.79
05/10/19,166.50
05/13/19,166.72
05/14/19,166.67
05/15/19,166.69
05/16/19,167.80
05/17/19,167.94
05/20/19,167.92
05/21/19,168.26
05/22/19,168.60
05/23/19,168.57
05/24/19,168.93
05/28/19,167.64
05/29/19,165.88
05/30/19,166.21
05/31/19,166.69
06/03/19,167.76
06/04/19,168.66
06/05/19,171.08
06/06/19,171.49
06/07/19,171.77
06/10/19,171.27
06/11/19,170.81
06/12/19,171.48
06/13/19,170.99
06/14/19,171.47
06/17/19,170.78
06/18/19,171.25
06/19/19,172.53
06/20/19,174.24
06/21/19,174.38
06/24/19,173.99
06/25/19,172.86
06/26/19,170.92
06/27/19,171.23
06/28/19,172.24
07/01/19,172.20
07/02/19,173.54
07/03/19,175.22
07/04/19,175.53
07/05/19,174.54
07/08/19,174.00
07/09/19,174.22
07/10/19,174.71
07/11/19,175.11
07/12/19,174.84
07/15/19,174.89
07/16/19,174.45
07/17/19,172.97
07/18/19,173.70
07/19/19,172.78
07/22/19,172.52
07/23/19,172.06
07/24/19,172.01
07/25/19,171.44
07/26/19,171.55
07/29/19,172.28
07/30/19,172.01
07/31/19,171.99
08/01/19,171.98
08/02/19,171.54
08/05/19,168.92
08/06/19,169.80
08/07/19,170.35
08/08/19,172.16
08/09/19,172.17
08/12/19,171.59
08/13/19,171.95
08/14/19,169.45
08/15/19,170.32
08/16/19,171.67
08/19/19,172.94
08/20/19,172.33
08/21/19,173.24
08/22/19,172.64
08/23/19,170.88
08/27/19,171.90
08/28/19,172.11
08/29/19,173.36
08/30/19,173.64
09/02/19,173.28
09/03/19,174.50
09/04/19,175.57
09/05/19,175.37
09/06/19,174.68
09/09/19,173.90
09/10/19,173.39
09/11/19,174.19
09/12/19,175.04
09/13/19,175.21
09/16/19,174.92
09/17/19,175.92
09/18/19,176.36
09/19/19,177.05
09/20/19,176.94
09/23/19,176.79
09/24/19,177.75
09/25/19,177.13
09/26/19,177.88
09/27/19,177.02
09/30/19,176.78
10/01/19,175.54
10/02/19,173.52
10/03/19,174.20
10/04/19,175.84
10/07/19,175.48
10/08/19,173.95
10/09/19,174.76
10/10/19,175.05
10/11/19,176.14
10/14/19,175.45
10/15/19,175.68
10/16/19,176.02
10/17/19,176.82
10/18/19,177.23
10/21/19,178.20
10/22/19,178.84
10/23/19,179.05
10/24/19,179.27
10/25/19,178.26
10/28/19,176.83
10/29/19,176.92
10/30/19,177.45
10/31/19,177.69
11/01/19,178.77
11/04/19,178.25
11/05/19,177.12
11/06/19,177.16
11/07/19,176.06
11/08/19,175.62
11/11/19,175.13
11/12/19,175.07
11/13/19,175.95
11/14/19,175.88
11/15/19,176.89
11/18/19,177.20
11/19/19,176.74
11/20/19,176.68
11/21/19,176.24
11/22/19,176.03
11/25/19,176.43
11/26/19,176.91
11/27/19,177.13
11/28/19,176.84
11/29/19,176.16
12/02/19,174.83
12/03/19,174.61
12/04/19,175.82
12/05/19,176.18
12/06/19,176.55
12/09/19,176.40
12/10/19,176.18
12/11/19,177.49
12/12/19,176.93
12/13/19,178.59
12/16/19,180.18
12/17/19,180.18
12/18/19,181.26
12/19/19,181.42
12/20/19,182.75
12/23/19,181.89
12/24/19,181.98
12/27/19,183.01
12/30/19,182.50
12/31/19,183.08
01/02/20,182.32
01/03/20,182.26
01/06/20,181.97
01/07/20,181.47
01/08/20,181.61
01/09/20,182.28
01/10/20,182.77
01/13/20,184.15
01/14/20,184.54
01/15/20,185.82
01/16/20,186.83
01/17/20,187.86
01/20/20,188.00
01/21/20,187.98
01/22/20,188.06
01/23/20,189.58
01/24/20,189.88
01/27/20,188.26
01/28/20,189.07
01/29/20,189.40
01/30/20,190.10
01/31/20,188.66
02/03/20,189.04
02/04/20,189.21
02/05/20,190.13
02/06/20,190.58
02/07/20,189.67
02/10/20,190.27
02/11/20,191.56
02/12/20,192.03
02/13/20,192.60
02/14/20,193.35
02/17/20,193.24
02/18/20,193.30
02/19/20,192.90
02/20/20,192.77
02/21/20,192.40
02/24/20,189.60
02/25/20,185.78
02/26/20,183.66
02/27/20,177.28
02/28/20,172.31
03/02/20,178.28
03/03/20,177.66
03/04/20,184.09
03/05/20,181.52
03/06/20,179.02
03/09/20,165.56
03/10/20,167.82
03/11/20,161.52
03/12/20,145.48
03/13/20,153.73
03/16/20,138.24
03/17/20,148.29
03/18/20,140.52
03/19/20,138.54
03/20/20,132.33
03/23/20,125.00
03/24/20,136.56
03/25/20,141.30
03/26/20,150.40
03/27/20,148.94
03/30/20,152.88
03/31/20,150.05
04/01/20,143.13
04/02/20,146.66
04/03/20,144.08
04/06/20,151.95
04/07/20,151.48
04/08/20,157.15
04/09/20,162.09
04/14/20,162.66
04/15/20,158.48
04/16/20,158.14
04/17/20,162.52
04/20/20,158.60
04/21/20,155.53
04/22/20,159.13
04/23/20,158.54
04/24/20,159.04
04/27/20,161.53
04/28/20,162.43
04/29/20,162.88
04/30/20,160.38
05/01/20,157.03
05/04/20,156.95
05/05/20,158.48
05/06/20,155.55
05/07/20,155.74
05/11/20,158.90
05/12/20,157.11
05/13/20,155.35
05/14/20,155.05
05/15/20,154.21
05/18/20,158.81
05/19/20,157.99
05/20/20,159.75
05/21/20,158.06
05/22/20,159.08
05/26/20,162.74
05/27/20,164.35
05/28/20,166.80
05/29/20,167.41
06/01/20,169.16
06/02/20,170.91
06/03/20,173.62
06/04/20,171.35
06/05/20,173.96
06/08/20,176.42
06/09/20,174.48
06/10/20,172.95
06/11/20,165.22
06/12/20,165.67
06/15/20,166.37
06/16/20,168.20
06/17/20,167.57
06/18/20,166.96
06/19/20,165.01
06/22/20,165.34
06/23/20,165.32
06/24/20,162.21
06/25/20,161.75
06/26/20,159.62
06/29/20,161.40
06/30/20,163.02
07/01/20,164.51
07/02/20,165.43
07/03/20,165.42
07/06/20,165.47
07/07/20,163.93
07/08/20,164.25
07/09/20,162.26
07/10/20,163.49
07/13/20,163.53
07/14/20,164.72
07/15/20,165.75
07/16/20,166.72
07/17/20,168.85
07/20/20,167.60
07/21/20,168.72
07/22/20,169.66
07/23/20,169.16
07/24/20,168.51
07/27/20,168.38
07/28/20,169.42
07/29/20,171.03
07/30/20,169.08
07/31/20,168.90
08/03/20,167.66
08/04/20,169.75
08/05/20,169.22
08/06/20,169.61
08/07/20,171.27
08/10/20,171.99
08/11/20,171.01
08/12/20,173.31
08/13/20,172.52
08/14/20,172.02
08/17/20,172.17
08/18/20,171.66
08/19/20,170.94
08/20/20,169.74
08/21/20,170.24
08/24/20,171.16
08/25/20,170.71
08/26/20,169.29
08/27/20,169.52
08/28/20,170.54
08/31/20,170.07
09/01/20,169.71
09/02/20,172.58
09/03/20,170.59
09/04/20,169.20
09/07/20,169.52
09/08/20,168.21
09/09/20,170.29
09/10/20,168.54
09/11/20,169.27
09/14/20,171.32
09/15/20,172.72
09/16/20,172.58
09/17/20,171.10
09/18/20,169.34
09/21/20,166.74
09/22/20,167.70
09/23/20,165.59
09/24/20,166.21
09/25/20,168.27
09/28/20,169.13
09/29/20,168.60
09/30/20,168.58
10/01/20,169.25
10/02/20,170.23
10/05/20,172.46
10/06/20,172.31
10/07/20,173.33
10/08/20,175.09
10/09/20,175.25
10/12/20,176.01
10/13/20,174.70
10/14/20,174.83
10/15/20,174.62
10/16/20,175.15
10/19/20,174.14
10/20/20,174.87
10/21/20,173.76
10/22/20,173.80
10/23/20,174.36
10/26/20,173.12
10/27/20,172.29
10/28/20,167.85
10/29/20,167.96
10/30/20,167.14
11/02/20,169.92
11/03/20,172.86
11/04/20,172.11
11/05/20,174.69
11/06/20,174.17
11/09/20,177.69
11/10/20,181.04
11/11/20,182.12
11/12/20,179.86
11/13/20,181.18
11/16/20,182.91
11/17/20,182.11
11/18/20,180.47
11/19/20,179.82
11/20/20,179.60
11/23/20,179.99
11/24/20,181.85
11/25/20,181.98
11/26/20,181.68
11/27/20,181.15
11/30/20,178.25
12/01/20,179.46
12/02/20,180.11
12/03/20,180.00
12/04/20,180.18
12/07/20,180.04
12/08/20,179.94
12/09/20,179.99
12/10/20,179.39
12/11/20,179.41
12/14/20,177.81
12/15/20,179.71
12/16/20,178.82
12/17/20,180.07
12/18/20,178.86
12/21/20,176.31
12/22/20,175.79
12/23/20,176.17
12/24/20,177.19
12/29/20,178.46
12/30/20,179.12
12/31/20,180.43
01/04/21,177.83
01/05/21,178.61
01/06/21,180.86
01/07/21,180.92
01/08/21,182.70
01/11/21,180.83
01/12/21,180.90
01/13/21,182.23
01/14/21,182.40
01/15/21,182.70
01/18/21,182.37
01/19/21,182.37
01/20/21,183.52
01/21/21,181.78
01/22/21,181.04
01/25/21,182.52
01/26/21,181.59
01/27/21,177.98
01/28/21,179.71
01/29/21,177.90
02/01/21,179.22
02/02/21,181.45
02/03/21,181.58
02/04/21,181.71
02/05/21,182.77
02/08/21,182.54
02/09/21,182.62
02/10/21,183.22
02/11/21,183.01
02/12/21,183.35
02/15/21,183.54
02/16/21,182.71
02/17/21,182.16
02/18/21,181.92
02/19/21,181.52
02/22/21,180.19
02/23/21,180.86
02/24/21,180.80
02/25/21,179.88
02/26/21,176.27
03/01/21,178.82
03/02/21,178.24
03/03/21,176.97
03/04/21,176.19
03/05/21,178.31
03/08/21,179.62
03/09/21,181.21
03/10/21,182.84
03/11/21,183.75
03/12/21,185.01
03/15/21,186.45
03/16/21,186.85
03/17/21,185.81
03/18/21,185.54
03/19/21,185.25
03/22/21,185.30
03/23/21,185.99
03/24/21,186.30
03/25/21,187.49
03/26/21,189.64
03/29/21,190.57
03/30/21,189.11
03/31/21,189.87
04/01/21,190.16
04/06/21,191.66
04/07/21,191.62
04/08/21,190.99
04/09/21,191.13
04/12/21,191.25
04/13/21,191.82
04/14/21,192.51
04/15/21,194.12
04/16/21,194.76
04/19/21,194.67
04/20/21,195.04
04/21/21,195.07
04/22/21,194.25
04/23/21,194.93
04/26/21,194.99
04/27/21,194.19
04/28/21,194.36
04/29/21,195.23
04/30/21,195.82
05/04/21,195.94
05/05/21,195.24
05/06/21,196.48
05/07/21,198.00
05/10/21,199.25
05/11/21,197.38
05/12/21,194.15
05/13/21,195.52
05/14/21,197.00
05/17/21,196.01
05/18/21,195.97
05/19/21,194.97
05/20/21,196.31
05/21/21,196.41
05/24/21,196.95
05/25/21,196.06
05/26/21,196.61
05/27/21,196.14
05/28/21,197.11
05/31/21,196.80
06/01/21,197.49
06/02/21,198.57
06/03/21,198.84
06/04/21,199.45
06/07/21,199.80
06/08/21,199.17
06/09/21,199.88
06/10/21,200.52
06/11/21,200.72
06/14/21,201.33
06/15/21,201.71
06/16/21,200.18
06/17/21,199.25
06/18/21,195.30
06/21/21,197.03
06/22/21,196.66
06/23/21,195.54
06/24/21,195.59
06/25/21,197.14
06/28/21,196.92
06/29/21,195.21
06/30/21,194.83
07/01/21,195.98
07/02/21,196.75
07/05/21,197.29
07/06/21,197.32
07/07/21,198.34
07/08/21,195.97
07/09/21,197.56
07/12/21,197.72
07/13/21,196.69
07/14/21,197.06
07/15/21,197.81
07/16/21,198.12
07/19/21,194.75
07/20/21,195.38
07/21/21,195.39
07/22/21,196.00
07/23/21,197.37
07/26/21,197.53
07/27/21,198.75
07/28/21,197.82
07/29/21,198.49
07/30/21,197.60
08/02/21,198.38
08/03/21,199.07
08/04/21,198.61
08/05/21,199.61
08/06/21,199.31
08/09/21,198.83
08/10/21,199.41
08/11/21,201.28
08/12/21,201.61
08/13/21,202.29
08/16/21,202.62
08/17/21,202.13
08/18/21,201.32
08/19/21,201.04
08/20/21,202.08
08/23/21,202.00
08/24/21,201.21
08/25/21,201.02
08/26/21,200.41
08/27/21,201.28
08/31/21,201.41
09/01/21,203.65
09/02/21,204.73
09/03/21,203.83
09/06/21,203.71
09/07/21,201.78
09/08/21,203.64
09/09/21,201.97
09/10/21,199.98
09/13/21,200.20
09/14/21,199.37
09/15/21,199.77
09/16/21,198.85
09/17/21,197.02
09/20/21,195.27
09/21/21,195.65
09/22/21,196.01
09/23/21,196.26
09/24/21,195.33
09/27/21,194.62
09/28/21,192.28
09/29/21,193.45
09/30/21,192.13
10/01/21,193.19
10/04/21,194.97
10/05/21,195.22
10/06/21,196.49
10/07/21,196.21
10/08/21,196.16
10/11/21,194.97
10/12/21,195.59
10/13/21,197.09
10/14/21,199.68
10/15/21,200.41
10/18/21,199.66
10/19/21,200.89
10/20/21,203.31
10/21/21,203.38
10/22/21,204.66
10/25/21,204.31
10/26/21,204.90
10/27/21,203.97
10/28/21,205.17
10/29/21,203.68
11/01/21,204.57
11/02/21,204.46
11/03/21,203.97
11/04/21,203.27
11/05/21,204.28
11/08/21,203.56
11/09/21,203.92
11/10/21,203.91
11/11/21,202.62
11/12/21,202.51
11/15/21,203.22
11/16/21,202.17
11/17/21,201.95
11/18/21,201.66
11/19/21,201.88
11/22/21,201.91
11/23/21,203.18
11/24/21,203.82
11/25/21,204.08
11/26/21,200.37
11/29/21,201.27
11/30/21,197.04
12/01/21,196.95
12/02/21,199.61
12/03/21,200.37
12/06/21,203.02
12/07/21,205.33
12/08/21,205.12
12/09/21,204.19
12/10/21,205.08
12/13/21,205.31
12/14/21,204.63
12/15/21,206.44
12/16/21,207.80
12/17/21,205.80
12/20/21,204.36
12/21/21,205.02
12/22/21,206.04
12/23/21,206.63
12/24/21,206.62
12/29/21,210.15
12/30/21,210.14
12/31/21,211.03
01/04/22,209.74
01/05/22,208.35
01/06/22,207.33
01/07/22,208.57
01/10/22,207.01
01/11/22,206.15
01/12/22,207.42
01/13/22,208.04
01/14/22,207.05
01/17/22,207.03
01/18/22,204.51
01/19/22,204.55
01/20/22,204.90
01/21/22,203.96
01/24/22,202.19
01/25/22,201.32
01/26/22,200.20
01/27/22,199.82
01/28/22,201.82
01/31/22,203.99
02/01/22,203.82
02/02/22,206.17
02/03/22,204.44
02/04/22,203.02
02/07/22,202.83
02/08/22,203.33
02/09/22,205.41
02/10/22,202.48
02/11/22,201.60
02/14/22,199.91
02/15/22,200.39
02/16/22,201.53
02/17/22,201.12
02/18/22,200.25
02/21/22,200.00
02/22/22,198.85
02/23/22,196.99
02/24/22,196.31
02/25/22,201.51
02/28/22,202.26
03/01/22,201.05
03/02/22,203.80
03/03/22,206.24
03/04/22,209.19
03/07/22,209.00
03/08/22,205.57
03/09/22,205.82
03/10/22,207.59
03/11/22,206.56
03/14/22,205.18
03/15/22,206.31
03/16/22,207.50
03/17/22,209.91
03/18/22,209.41
03/21/22,210.79
03/22/22,210.71
03/23/22,210.85
03/24/22,212.70
03/25/22,215.41
03/28/22,215.68
03/29/22,217.37
03/30/22,219.23
03/31/22,218.19
04/01/22,218.22
04/04/22,217.80
04/05/22,218.38
04/06/22,219.48
04/07/22,218.82
04/08/22,219.24
04/11/22,217.52
04/12/22,217.61
04/13/22,217.61
04/14/22,218.13
04/19/22,217.90
04/20/22,220.23
04/21/22,218.51
04/22/22,214.03
04/25/22,211.97
04/26/22,210.57
04/27/22,210.33
04/28/22,212.39
04/29/22,207.53
05/03/22,206.87
05/04/22,210.58
05/05/22,208.02
05/06/22,208.57
05/09/22,204.09
05/10/22,201.75
05/11/22,202.87
05/12/22,201.80
05/13/22,204.60
05/16/22,205.33
05/17/22,207.94
05/18/22,205.79
05/19/22,204.28
05/20/22,205.50
05/23/22,207.71
05/24/22,209.72
05/25/22,210.07
05/26/22,210.62
05/27/22,213.05
05/30/22,213.37
05/31/22,211.13
06/01/22,211.03
06/06/22,213.11
06/07/22,214.04
06/08/22,211.20
06/09/22,207.16
06/10/22,203.79
06/13/22,196.81
06/14/22,193.19
06/15/22,193.83
06/16/22,190.44
06/17/22,188.95
06/20/22,189.40
06/21/22,192.29
06/22/22,192.93
06/23/22,194.82
06/24/22,198.19
06/27/22,199.43
06/28/22,199.05
06/29/22,198.71
06/30/22,198.93
07/01/22,201.46
07/04/22,202.01
07/05/22,197.43
07/06/22,197.82
07/07/22,198.92
07/08/22,198.58
07/11/22,198.68
07/12/22,197.49
07/13/22,197.37
07/14/22,196.58
07/15/22,198.15
07/18/22,197.89
07/19/22,200.45
07/20/22,198.77
07/21/22,199.31
07/22/22,201.04
07/25/22,203.01
07/26/22,203.70
07/27/22,204.55
07/28/22,208.83
07/29/22,210.77
08/01/22,211.19
08/02/22,209.72
08/03/22,210.22
08/04/22,210.53
08/05/22,209.71
08/08/22,210.44
08/09/22,211.66
08/10/22,214.05
08/11/22,214.31
08/12/22,216.11
08/15/22,216.51
08/16/22,217.34
08/17/22,216.87
08/18/22,217.22
08/19/22,216.11
08/22/22,213.91
08/23/22,213.42
08/24/22,213.94
08/25/22,215.09
08/26/22,211.80
08/30/22,207.84
08/31/22,206.40
09/01/22,206.56
09/02/22,205.72
09/05/22,205.35
09/06/22,205.07
09/07/22,208.26
09/08/22,208.73
09/09/22,210.69
09/12/22,213.28
09/13/22,208.20
09/14/22,207.98
09/15/22,204.47
09/16/22,202.52
09/20/22,201.70
09/21/22,199.13
09/22/22,197.81
09/23/22,193.37
09/26/22,189.00
09/27/22,186.70
09/28/22,188.74
09/29/22,184.32
09/30/22,181.95
10/03/22,186.27
10/04/22,190.25
10/05/22,187.00
10/06/22,182.48
10/07/22,179.58
10/10/22,178.37
10/11/22,177.56
10/12/22,174.14
10/13/22,177.53
10/14/22,175.36
10/17/22,179.32
10/18/22,181.77
10/19/22,180.15
10/20/22,176.83
10/21/22,178.21
10/24/22,179.12
10/25/22,182.36
10/26/22,183.76
10/27/22,185.17
10/28/22,187.92
10/31/22,187.39
11/01/22,188.05
11/02/22,186.63
11/03/22,186.26
11/04/22,188.56
11/07/22,187.55
11/08/22,189.50
11/09/22,187.49
11/10/22,195.30
11/11/22,196.00
11/14/22,194.25
11/15/22,195.33
11/16/22,196.29
11/17/22,193.82
11/18/22,196.13
11/21/22,196.69
11/22/22,198.44
11/23/22,199.92
11/24/22,200.64
11/25/22,201.37
11/28/22,199.05
11/29/22,198.67
11/30/22,201.87
12/01/22,202.66
12/02/22,201.31
12/05/22,199.45
12/06/22,198.73
12/07/22,198.44
12/08/22,199.21
12/09/22,198.85
12/12/22,201.38
12/13/22,203.62
12/14/22,202.88
12/15/22,199.84
12/16/22,196.80
12/19/22,195.19
12/20/22,195.56
12/21/22,197.74
12/22/22,196.64
12/23/22,198.35
12/28/22,197.30
12/29/22,198.97
12/30/22,197.29
01/03/23,197.34
01/04/23,199.52
01/05/23,196.32
01/06/23,200.72
01/09/23,201.98
01/10/23,202.04
01/11/23,203.81
01/12/23,204.38
01/13/23,204.54
01/16/23,204.56
01/17/23,204.59
01/18/23,201.83
01/19/23,200.18
01/20/23,201.56
01/23/23,201.62
01/24/23,201.60
01/25/23,199.42
01/26/23,199.68
01/27/23,199.34
01/30/23,198.28
01/31/23,200.02
02/01/23,200.70
02/02/23,202.26
02/03/23,198.97
02/06/23,198.55
02/07/23,198.41
02/08/23,196.79
02/09/23,194.71
02/10/23,197.15
02/13/23,197.90
